domain,list_number
RECLAIMYOURCONFITENCE.COM,JB123
NCCYCLING.COM,JB123
SYAJBOUTIQUE.COM,JB123
TONYTIGERPOWER.COM,JB123
REPUBLISS.COM,JB123
KICOTCH.COM,JB123
THRILLSWITCHGAMES.COM,JB123
GUATEMALAAIRPORT.COM,JB123
UKHARDCORE.COM,JB123
EMPATHGRIEF.COM,JB123
SIPERED.COM,JB123
CREMAZIONESSERVICEITA.COM,JB123
UBHESPORTS.COM,JB123
KOINMEXICO.COM,JB123
OPENUPCOUNSELLING.COM,JB123
TAKEBACKTRIMET.COM,JB123
SARUWELLNESS.COM,JB123
CUBSMESA.COM,JB123
JOYMAXIPTV.COM,JB123
LAUNCHERMEDIA.COM,JB123
STARINMO.COM,JB123
LONELYOAKARTS.COM,JB123
AUBURNDATA.COM,JB123
LANDSCAPINGBLACKTOWN.COM,JB123
vibexpress.com,JB123